826fca59b7e34232a2cae96889dd3040,100,1690353734995,a804cf59dc2f420ab4b0eb7d8223f1df,ONE_TIME,price_1NY1QGKIrPWZ5X3VX7mC9M2S
c8fed1b3d37840b28528bed88f19d2ec,100,1690353734995,a804cf59dc2f420ab4b0eb7d8223f1df,MONTHLY,price_1NY1QGKIrPWZ5X3VAFQdy8N0
f92ed6081fc1419d98bc7f61ad3e5812,200,1690353734995,a804cf59dc2f420ab4b0eb7d8223f1df,ONE_TIME,price_1NY1QGKIrPWZ5X3VHYR7D3er
fff937ca9d7848588fe19163c371098b,200,1690353734995,a804cf59dc2f420ab4b0eb7d8223f1df,MONTHLY,price_1NY1QGKIrPWZ5X3VkwKeMaWM
8f1b0dfbef33497eab91b1eace082d23,500,1690353734995,a804cf59dc2f420ab4b0eb7d8223f1df,ONE_TIME,price_1NY1QGKIrPWZ5X3VLLOk9bNR
50b9d9596d7d449589b4abbc812857fa,500,1690353734995,a804cf59dc2f420ab4b0eb7d8223f1df,MONTHLY,price_1NY1QGKIrPWZ5X3VZIQw8byW
5e74cd6bbf634865bff295e483903ea1,1000,1690353734995,a804cf59dc2f420ab4b0eb7d8223f1df,ONE_TIME,price_1NY1QGKIrPWZ5X3VW61bEoCZ
941299886db24be7a5af6177596ac596,1000,1690353734995,a804cf59dc2f420ab4b0eb7d8223f1df,MONTHLY,price_1NY1QGKIrPWZ5X3VXiptJzpo
8404d42b79d041c6918863ccbeeae928,5000,1690353734995,a804cf59dc2f420ab4b0eb7d8223f1df,ONE_TIME,price_1NY1QGKIrPWZ5X3VDRXvq47b
e129af72f3bc4db193dbf90f823b25fd,5000,1690353734995,a804cf59dc2f420ab4b0eb7d8223f1df,MONTHLY,price_1NY1QGKIrPWZ5X3V245nILzq
412e28476ecc47c69a27fa649b03accb,10000,1690353734995,a804cf59dc2f420ab4b0eb7d8223f1df,ONE_TIME,price_1NY1QGKIrPWZ5X3V7UQY3TJ2
e260fd0e5de746dba4756573ce8fa39f,10000,1690353734995,a804cf59dc2f420ab4b0eb7d8223f1df,MONTHLY,price_1NY1QGKIrPWZ5X3VpuBVvkR7
80bd4e717c7942339d785a3cad315f3d,20000,1690353734995,a804cf59dc2f420ab4b0eb7d8223f1df,ONE_TIME,price_1NY1QGKIrPWZ5X3Vyp1KGZoC
51856921dd9146caa79c95dad3cc1da5,20000,1690353734995,a804cf59dc2f420ab4b0eb7d8223f1df,MONTHLY,price_1NY1QGKIrPWZ5X3VGuJOf7vc
20b8919ef0bc4c5bbdc6ff84e7da4bc0,0,1690353734995,a804cf59dc2f420ab4b0eb7d8223f1df,ONE_TIME,price_1NY1QGKIrPWZ5X3VXKTlraxS
